State,Job Start Date,Scrape Sale Qty,Rate Rs/Kg,Amount in Rs
New York,2024-06-29,226,55.097232315848004,12451.97
Tennessee,2023-12-27,139,41.170173148862254,5722.65
Georgia,2024-06-20,93,52.733554870995704,4904.22
Missouri,2023-08-22,124,54.39262831597819,6744.69
Kentucky,2023-08-17,103,56.27395853279458,5796.22
New Hampshire,2024-03-06,125,55.954417863435665,6994.3
Maine,2023-07-21,75,51.50324890104443,3862.74
Wisconsin,2023-11-08,116,46.087568706896775,5346.16
Arizona,2023-12-25,238,53.813486653889605,12807.61
Louisiana,2024-02-01,16,42.48138393276386,679.7
North Dakota,2024-05-21,68,53.67996414955028,3650.24
Connecticut,2024-03-13,226,46.65634915765904,10544.33
Arizona,2024-01-30,83,53.27722391674263,4422.01
New Hampshire,2023-07-12,127,58.06351855438234,7374.07
Nevada,2024-03-19,89,46.688581045560625,4155.28
Washington,2024-05-04,89,41.27927338611891,3673.86
Arkansas,2023-12-25,20,55.381929492443405,1107.64
Maryland,2023-09-18,54,52.509719131619725,2835.52
South Carolina,2024-01-17,145,55.02251045249291,7978.26
Mississippi,2023-09-11,126,40.310360998264166,5079.11
Indiana,2024-02-24,121,44.01605659888069,5325.94
Mississippi,2023-09-21,70,54.43717786429637,3810.6
Utah,2024-02-21,87,49.27556850559861,4286.97
Oklahoma,2024-06-29,110,42.899321526895804,4718.93
Louisiana,2024-05-17,17,49.94860488702844,849.13
Arkansas,2024-03-26,72,49.95608922206532,3596.84
Indiana,2023-12-02,78,52.05920798852273,4060.62
Nevada,2023-08-13,96,40.40586425582142,3878.96
Maryland,2023-10-09,107,47.22048347872072,5052.59
Washington,2023-08-23,64,50.301714327593515,3219.31
Delaware,2024-04-26,148,57.652255958377694,8532.53
Oklahoma,2023-11-09,133,47.23030577326789,6281.63
Delaware,2023-07-03,149,52.120839180287874,7766.01
Oregon,2024-02-04,13,48.88885500111324,635.56
Delaware,2024-05-16,12,52.463773479104205,629.57
Nevada,2023-11-12,76,43.15318799916244,3279.64
Virginia,2024-01-06,55,59.005186994650174,3245.29
New Hampshire,2023-11-27,61,48.27573109835171,2944.82
Alaska,2023-10-20,15,50.72990304065991,760.95
North Carolina,2023-12-15,76,47.73616176976461,3627.95
Iowa,2023-08-21,106,52.947124100203425,5612.4
Florida,2024-04-26,108,57.05611727131931,6162.06
Maine,2024-03-05,82,45.20946822651939,3707.18
Montana,2023-12-26,140,44.9294763837719,6290.13
South Carolina,2023-12-16,113,57.25295252498662,6469.58
Utah,2024-03-24,57,52.670215056490605,3002.2
West Virginia,2024-02-28,51,49.93168023199935,2546.52
Utah,2023-08-11,93,52.113396110162626,4846.55
Massachusetts,2024-03-05,112,43.35596510654486,4855.87
Iowa,2024-03-16,140,53.94618922178822,7552.47
Alaska,2023-07-18,77,44.47797067843819,3424.8
Tennessee,2024-02-03,128,56.77135720680049,7266.73
Oklahoma,2023-10-26,17,44.341144346278504,753.8
New Hampshire,2024-06-01,104,49.365798417013956,5134.04
Oregon,2024-04-20,128,46.611889329762846,5966.32
Alabama,2023-11-22,284,53.5357746000413,15204.16
Illinois,2023-07-27,149,43.38287509950508,6464.05
Oklahoma,2024-05-08,137,40.58987327349164,5560.81
Rhode Island,2024-01-10,94,52.093066525911105,4896.75
New Mexico,2023-11-02,91,52.09958487156226,4741.06
Tennessee,2024-05-04,106,48.570736728135174,5148.5
Pennsylvania,2024-06-21,131,49.32629027788673,6461.74
Wyoming,2023-09-03,145,55.50232245370012,8047.84
Nebraska,2024-04-25,70,49.456271124277706,3461.94
South Carolina,2024-03-09,58,53.12171605439103,3081.06
New Hampshire,2023-09-09,98,55.491822344518894,5438.2
Wisconsin,2024-06-07,83,56.844084169308175,4718.06
Washington,2024-06-12,105,48.39309071182563,5081.27
Kansas,2023-12-28,71,51.91344044672164,3685.85
Nebraska,2023-10-31,97,40.27914533592818,3907.08
Mississippi,2024-02-04,124,53.79030490847986,6670.0
West Virginia,2023-10-02,106,58.546206192681495,6205.9
Maine,2024-03-16,94,47.96804264748427,4509.0
New York,2024-06-09,115,54.745254229333185,6295.7
Illinois,2023-11-17,65,48.04515839452834,3122.94
New Hampshire,2024-02-09,96,42.39902202610803,4070.31
Mississippi,2024-04-15,90,52.321626290050325,4708.95
West Virginia,2023-11-06,126,56.590518701924196,7130.41
Connecticut,2023-07-19,20,56.68016423968788,1133.6
Rhode Island,2023-12-17,67,56.89052555809997,3811.67
Wyoming,2024-04-20,137,43.07890722930127,5901.81
South Carolina,2023-08-10,119,53.926811969249215,6417.29
Texas,2023-11-21,105,55.5452829895626,5832.25
Montana,2023-11-05,78,44.309119241227954,3456.11
Colorado,2024-02-06,121,47.486038501388315,5745.81
New Mexico,2023-07-23,82,44.022130453303994,3609.81
Hawaii,2024-03-29,82,48.5894865970166,3984.34
North Dakota,2024-03-26,59,45.84960999166435,2705.13
South Carolina,2024-04-03,105,41.34778501668247,4341.52
West Virginia,2024-03-26,74,50.37876648018467,3728.03
Rhode Island,2024-04-18,111,44.01769564536712,4885.96
Nevada,2024-01-17,142,56.28966638257754,7993.13
New Mexico,2023-10-20,138,43.91645313056693,6060.47
South Dakota,2024-04-21,66,48.12607141616791,3176.32
New York,2024-05-21,136,51.32380188815456,6980.04
Ohio,2024-03-25,135,50.58481724078908,6828.95
Texas,2024-04-29,77,53.66758962465786,4132.4
Georgia,2023-10-28,134,45.85768621199078,6144.93
Kansas,2024-06-25,59,41.234972421438556,2432.86
Alabama,2024-01-30,115,57.843127499055036,6651.96
California,2023-10-12,69,49.18032018897421,3393.44
Missouri,2024-04-12,62,55.39453429728299,3434.46
Texas,2023-12-05,142,43.784176115800854,6217.35
Florida,2023-12-09,144,53.73961105392214,7738.5
Virginia,2023-08-06,137,57.93948405752943,7937.71
Nebraska,2024-03-28,95,42.4583345141234,4033.54
Indiana,2024-04-08,82,42.49389310901901,3484.5
Montana,2024-04-02,90,47.10156748668939,4239.14
Mississippi,2024-02-15,102,48.25514314748021,4922.02
Montana,2024-03-08,95,53.58500663964449,5090.58
Ohio,2023-09-05,60,54.73544762983244,3284.13
South Carolina,2024-05-14,57,47.22593193931232,2691.88
Nebraska,2024-04-21,58,44.456230002905805,2578.46
Pennsylvania,2024-01-27,116,49.249645859558484,5712.96
Florida,2024-05-20,283,53.52209169488145,15146.75
Alabama,2023-07-26,107,57.816906857018,6186.41
Rhode Island,2024-06-22,127,41.97384573946947,5330.68
Michigan,2023-10-26,82,42.74385648012857,3505.0
New Mexico,2024-06-19,93,56.01513664785317,5209.41
Missouri,2023-11-18,123,57.45126898290982,7066.51
Mississippi,2024-04-10,10,58.59469783625175,585.95
Iowa,2023-12-29,130,47.06964294315448,6119.05
Oklahoma,2023-11-07,96,42.752815769796506,4104.27
Washington,2024-05-26,139,52.010427925106235,7229.45
West Virginia,2024-03-02,138,54.33484279023472,7498.21
New York,2023-10-14,136,46.836267757458494,6369.73
Connecticut,2023-08-17,278,49.88472115416302,13867.95
California,2023-12-02,69,41.02935431215791,2831.03
Georgia,2023-10-11,61,50.845358701649985,3101.57
Wyoming,2024-06-26,88,58.68318208651705,5164.12
Missouri,2023-09-24,74,47.58487820137054,3521.28
California,2024-03-09,77,49.6651721207045,3824.22
Arizona,2023-09-19,56,40.348134145369464,2259.5
New Mexico,2024-01-26,105,51.36921678581091,5393.77
Mississippi,2024-01-26,88,46.95409131715935,4131.96
Massachusetts,2023-09-14,63,53.017228649768526,3340.09
Idaho,2023-08-27,121,45.922404167060954,5556.61
New York,2023-12-14,91,46.77078549312287,4256.14
Wisconsin,2023-09-29,141,53.12180342733375,7490.17
Texas,2024-01-14,129,51.42099583331205,6633.31
West Virginia,2024-03-01,93,48.53556575368399,4513.81
Colorado,2023-11-05,121,48.088192769460235,5818.67
New Mexico,2024-03-29,114,50.71273903759483,5781.25
Nevada,2023-07-05,87,54.50588076093432,4742.01
Ohio,2023-11-29,89,53.297320030829674,4743.46
Texas,2023-07-13,69,59.34813991849673,4095.02
Nebraska,2024-06-24,145,56.38009315952048,8175.11
South Dakota,2023-07-23,67,40.51039211411533,2714.2
Washington,2023-08-09,56,56.99788368087388,3191.88
North Carolina,2023-12-10,69,45.237136814670166,3121.36
Illinois,2024-04-22,65,50.47457362421885,3280.85
Vermont,2023-10-30,102,47.74032097244825,4869.51
Vermont,2024-02-13,146,43.23066069601013,6311.68
South Dakota,2024-03-01,132,59.409883629583355,7842.1
North Carolina,2024-04-10,148,49.649529023663995,7348.13
Texas,2023-07-06,81,40.11875969601056,3249.62
Connecticut,2024-03-05,121,47.73472142280965,5775.9
Vermont,2024-05-13,127,57.32013774169717,7279.66
Iowa,2023-09-25,145,48.905987890961,7091.37
Massachusetts,2024-05-28,125,41.88293780510687,5235.37
Missouri,2023-10-17,101,45.55013229151672,4600.56
Minnesota,2024-03-05,62,57.84746608091389,3586.54
Kentucky,2024-05-19,130,58.41979856592498,7594.57
Louisiana,2023-07-13,98,41.50509995441325,4067.5
New York,2024-06-17,115,52.35892521741156,6021.28
Tennessee,2023-10-01,118,53.187891031727084,6276.17
Minnesota,2023-08-15,78,58.442781018091424,4558.54
Utah,2024-03-19,105,47.061463113207395,4941.45
Hawaii,2024-03-15,125,41.74181706777745,5217.73
South Dakota,2023-09-27,121,50.28928015381225,6085.0
Arizona,2023-08-24,120,47.67226252556934,5720.67
Hawaii,2023-10-01,79,53.54386273368902,4229.97
Connecticut,2023-07-08,74,50.708132682052025,3752.4
Connecticut,2024-03-31,65,45.80327981428002,2977.21
Virginia,2023-07-15,13,45.40544698186714,590.27
Michigan,2023-08-18,67,48.21967988478035,3230.72
Minnesota,2023-10-25,80,40.83966039779604,3267.17
Kentucky,2023-10-10,93,53.001042100533766,4929.1
Hawaii,2023-11-22,85,56.610485336382254,4811.89
Oregon,2023-12-27,108,53.537893508688526,5782.09
New Jersey,2024-01-18,114,42.96304405049836,4897.79
Delaware,2024-04-26,68,49.276293613731134,3350.79
Oklahoma,2024-04-10,121,57.55074870144007,6963.64
Illinois,2024-01-15,144,58.19415348245246,8379.96
South Dakota,2024-05-15,145,47.94877954236315,6952.57
Mississippi,2024-01-03,109,47.278582365108555,5153.37
New Mexico,2023-08-15,269,43.36577613545484,11665.39
Illinois,2023-12-02,99,42.715054743935006,4228.79
Oregon,2023-07-22,93,54.507276149968305,5069.18
Minnesota,2024-04-15,82,51.159482101225656,4195.08
Pennsylvania,2023-08-03,100,56.00595998904461,5600.6
Indiana,2023-12-20,70,57.241166849258434,4006.88
Kentucky,2023-12-10,127,54.20187166607702,6883.64
North Dakota,2024-02-19,119,50.841221426194465,6050.11
Wyoming,2024-05-06,103,52.313276747164856,5388.27
Oklahoma,2023-11-11,10,57.92230342725321,579.22
Minnesota,2023-10-10,228,42.326765195566146,9650.5
Kansas,2024-05-07,109,41.235756275022425,4494.7
North Dakota,2023-07-14,62,50.42623600510851,3126.43
Oregon,2023-07-08,108,48.04725172725749,5189.1
Washington,2023-07-13,139,42.68985502320661,5933.89
Maryland,2024-03-18,150,47.44773718091776,7117.16
Alaska,2023-12-20,116,44.89959815098726,5208.35
Wisconsin,2023-08-26,96,57.68939209611442,5538.18
Pennsylvania,2024-01-28,94,52.93254431589779,4975.66
Washington,2023-07-03,149,47.8876078568819,7135.25
Ohio,2023-07-02,122,55.989407093247074,6830.71
Rhode Island,2023-10-28,141,40.92707202671183,5770.72
Utah,2024-06-03,65,48.345344079345566,3142.45
South Carolina,2023-12-16,110,54.97436238201976,6047.18
Washington,2024-02-15,57,54.348878726321566,3097.89
California,2024-06-03,60,41.41277539838573,2484.77
Mississippi,2024-01-04,121,41.782126542481045,5055.64
New Hampshire,2024-03-20,111,59.48085664104734,6602.38
Wyoming,2024-05-10,131,54.16478823563936,7095.59
Oklahoma,2023-10-13,114,53.80574470867521,6133.85
South Dakota,2023-12-18,54,50.85625587169241,2746.24
Massachusetts,2024-01-07,93,47.82451181034071,4447.68
Florida,2023-08-25,120,52.48517303172611,6298.22
South Dakota,2023-10-14,106,54.61469810821687,5789.16
Nevada,2024-06-17,20,41.27103601836044,825.42
Idaho,2023-09-18,117,48.495284234030066,5673.95
Oklahoma,2023-07-07,278,41.9310579163131,11656.83
Idaho,2023-09-22,96,46.03623855272215,4419.48
Missouri,2024-06-01,133,47.828983916839505,6361.25
Florida,2023-11-15,61,46.981264762053094,2865.86
California,2024-04-12,111,57.421439945038315,6373.78
Rhode Island,2023-11-04,79,53.97122665414794,4263.73
West Virginia,2023-12-17,58,55.61280170587828,3225.54
Hawaii,2024-04-14,99,44.077315507102284,4363.65
Oklahoma,2023-09-01,142,58.72181527945849,8338.5
Arkansas,2024-02-14,81,46.26614001247433,3747.56
Arizona,2023-10-22,148,46.97154063134041,6951.79
West Virginia,2023-11-15,90,55.05006678045259,4954.51
Florida,2023-09-18,128,46.96998744482615,6012.16
Alaska,2023-09-02,131,42.310606678577415,5542.69
Mississippi,2024-01-08,71,47.31929894762029,3359.67
New York,2023-11-30,78,51.92857032066357,4050.43
Arkansas,2024-03-11,135,46.27812912363404,6247.55
West Virginia,2024-05-23,91,40.515265104083255,3686.89
Arkansas,2024-05-22,78,52.63099868364213,4105.22
Kentucky,2023-08-09,136,52.21869669987032,7101.74
Nevada,2023-11-08,62,59.90592806984294,3714.17
Oklahoma,2024-05-23,84,55.72557572930499,4680.95
Utah,2023-12-18,124,57.49004338941063,7128.77
Tennessee,2023-08-10,81,58.04834311725081,4701.92
Wisconsin,2024-05-21,108,41.110641870875824,4439.95
Arkansas,2023-11-02,114,47.39870112577585,5403.45
Nebraska,2024-05-14,129,41.19692497466464,5314.4
Florida,2024-03-27,106,54.64175170395579,5792.03
South Carolina,2023-11-11,89,41.3701502592584,3681.94
North Carolina,2024-05-03,93,53.39372880175231,4965.62
Alabama,2024-02-13,146,44.31861397303415,6470.52
Texas,2023-08-16,150,48.791664003991215,7318.75
Hawaii,2023-08-10,116,40.788773879447085,4731.5
Washington,2024-02-08,98,45.82138170649146,4490.5
New Hampshire,2024-06-25,114,44.96050094896587,5125.5
Virginia,2023-08-06,105,56.49656595579068,5932.14
Rhode Island,2024-02-25,110,48.986272084870905,5388.49
Kansas,2024-04-09,52,55.93778747055251,2908.76
New Hampshire,2023-10-27,210,53.3265817971204,11198.58
Wyoming,2024-03-13,129,58.47388101784827,7543.13
Maryland,2024-02-13,112,40.59173447366577,4546.27
Illinois,2023-12-29,16,56.31358760483559,901.02
Kansas,2024-06-16,118,49.74753138076798,5870.21
Michigan,2023-07-19,134,49.604773798780585,6647.04
Illinois,2024-06-20,85,55.36949642350732,4706.41
Virginia,2024-03-21,119,47.600314966347995,5664.44
Florida,2023-10-04,113,45.52051480256527,5143.82
Kansas,2024-01-16,63,52.66924298639666,3318.16
Oregon,2024-03-07,65,50.61583018935745,3290.03
Florida,2023-12-03,107,43.58802303805273,4663.92
Maryland,2024-03-25,112,41.25047194618503,4620.05
Maine,2024-04-09,116,49.629198535063125,5756.99
Michigan,2024-06-10,93,50.71216415615635,4716.23
Iowa,2023-11-04,52,57.551538391861776,2992.68
Arkansas,2024-01-19,57,54.41804907760617,3101.83
Tennessee,2024-02-22,13,44.11171966363739,573.45
Maine,2024-03-04,135,40.5574440836021,5475.25
Hawaii,2024-05-26,96,45.96710900290302,4412.84
West Virginia,2024-01-18,94,44.68387570450862,4200.28
South Carolina,2024-02-02,57,52.14332036038154,2972.17
Maine,2024-06-30,137,47.9851916924298,6573.97
Connecticut,2024-02-13,74,42.73953146610397,3162.73
Minnesota,2024-05-06,89,59.042583139100444,5254.79
Arkansas,2023-11-30,149,45.62137733067758,6797.59
Arkansas,2024-03-05,140,52.7594935583065,7386.33
Virginia,2024-02-12,79,49.775711364950205,3932.28
Arizona,2023-08-08,55,41.07967434001178,2259.38
Vermont,2023-07-30,100,50.906430590178985,5090.64
Iowa,2024-06-11,97,52.421095206975096,5084.85
South Carolina,2023-10-27,123,40.229718280969365,4948.26
Kentucky,2023-08-12,99,53.402985054963864,5286.9
Arkansas,2023-08-07,53,49.790421273451706,2638.89
Texas,2023-08-22,55,52.07389190060804,2864.06
South Dakota,2023-09-30,109,49.65844244591799,5412.77
Rhode Island,2023-09-28,73,47.645106061299934,3478.09
Wisconsin,2023-12-07,65,58.93524945152035,3830.79
New Hampshire,2023-11-04,148,49.03615357573939,7257.35
Texas,2023-10-26,84,44.56999411398781,3743.88
Ohio,2023-08-13,100,45.97163139138742,4597.16
West Virginia,2024-06-03,77,42.07192854208484,3239.54
Alaska,2023-12-25,86,49.13805725033494,4225.87
North Dakota,2024-03-20,53,47.951686748956355,2541.44
California,2023-07-08,144,57.87299348603639,8333.71
Minnesota,2023-07-07,114,48.04455808272715,5477.08
West Virginia,2024-04-22,229,46.96017970117087,10753.88
West Virginia,2024-06-18,97,44.59901059336318,4326.1
Florida,2023-09-09,100,53.207714712455044,5320.77
Connecticut,2024-06-10,55,49.82611498267747,2740.44
Indiana,2023-10-24,97,49.150798852589816,4767.63
Texas,2023-10-20,72,52.7132960181214,3795.36
Wyoming,2024-01-07,75,54.42507709756304,4081.88
Washington,2023-09-20,208,57.2913323825736,11916.6
Alaska,2024-04-15,59,59.034764820425345,3483.05
New Hampshire,2024-01-31,54,43.52329994219225,2350.26
Tennessee,2024-05-05,114,45.29091435752452,5163.16
Delaware,2023-08-09,144,59.73534599367297,8601.89
Minnesota,2023-11-05,83,53.83251896963654,4468.1
Connecticut,2024-02-15,129,49.902825281455236,6437.46
Delaware,2024-06-12,19,42.1525224287546,800.9
Connecticut,2023-08-31,101,49.5018270087743,4999.68
South Dakota,2024-06-23,50,47.187847635709176,2359.39
Louisiana,2023-10-31,113,41.139072489677666,4648.72
Texas,2024-05-30,124,58.94399398816274,7309.06
West Virginia,2024-03-19,97,59.863711406919364,5806.78
North Carolina,2023-12-27,20,52.64413584781583,1052.88
Iowa,2023-09-04,64,47.9595578269397,3069.41
Wyoming,2024-05-20,70,43.67388425286548,3057.17
Arizona,2024-04-09,94,59.508288129835634,5593.78
Maryland,2023-07-24,79,40.901534728606805,3231.22
Kansas,2023-12-22,116,44.0454301728437,5109.27
New Hampshire,2023-09-24,105,44.32893285069027,4654.54
Kansas,2024-01-02,114,45.144857390139805,5146.51
Ohio,2024-02-27,104,42.634496618280544,4433.99
Iowa,2023-08-01,104,54.7380074762763,5692.75
Illinois,2024-05-13,90,56.688792182447926,5101.99
Pennsylvania,2023-08-30,57,58.64900336428683,3342.99
Michigan,2024-02-11,143,42.217004097669985,6037.03
Nevada,2024-06-15,78,53.87476333979856,4202.23
Kansas,2024-06-24,103,46.57277402188581,4797.0
Delaware,2024-03-05,104,55.740630933551486,5797.03
South Carolina,2024-01-30,106,40.747301673001466,4319.21
Maryland,2024-04-28,130,45.92956649030596,5970.84
New Hampshire,2023-10-10,118,41.32583999693571,4876.45
Nebraska,2024-05-12,58,55.97121462280269,3246.33
New York,2024-01-30,94,48.90385354024204,4596.96
Vermont,2023-07-13,87,43.28586162538694,3765.87
Wyoming,2023-09-22,53,41.35471116084109,2191.8
Wisconsin,2023-08-14,268,56.24055590683241,15072.47
Pennsylvania,2024-05-25,86,51.9366755155803,4466.55
Massachusetts,2024-04-08,118,44.01382377366918,5193.63
Wyoming,2024-05-06,135,59.210452211309885,7993.41
Connecticut,2024-04-17,141,41.06888183590917,5790.71
West Virginia,2023-08-12,117,56.52514884613508,6613.44
Massachusetts,2024-06-24,91,59.987114536904556,5458.83
Arkansas,2023-11-13,82,47.823306457153805,3921.51
South Carolina,2023-08-29,150,40.28654508832003,6042.98
Ohio,2024-05-19,119,57.020106553587766,6785.39
Illinois,2023-11-13,108,42.847825506942,4627.57
New Jersey,2024-06-03,250,43.34354827128062,10835.89
Oklahoma,2024-01-24,143,56.551824868287866,8086.91
Nebraska,2023-12-21,72,54.298088764291535,3909.46
New Jersey,2023-09-20,82,41.004061598593545,3362.33
Michigan,2024-06-18,58,58.724198036981775,3406.0
Washington,2023-07-22,75,55.156360003986705,4136.73
Maine,2024-04-29,54,58.607356745720594,3164.8
Louisiana,2024-02-10,13,40.71768753973919,529.33
Vermont,2024-03-07,62,45.356355070185906,2812.09
Alaska,2023-07-08,84,43.092306856884996,3619.75
New Jersey,2023-10-06,67,42.69855907681925,2860.8
South Carolina,2023-07-15,133,59.54660422815384,7919.7
Missouri,2024-05-27,120,44.5212195150801,5342.55
Virginia,2024-06-30,56,58.2366067235863,3261.25
Alaska,2023-10-28,92,45.25981660235857,4163.9
North Dakota,2023-12-29,112,40.44541821787903,4529.89
Nevada,2024-02-27,67,59.88930217384002,4012.58
New Hampshire,2023-11-07,119,58.011177031681775,6903.33
New Mexico,2024-06-21,97,40.90534686272938,3967.82
Tennessee,2023-10-09,54,57.94849618359691,3129.22
Mississippi,2023-07-31,133,50.78653212946228,6754.61
Mississippi,2024-06-16,123,42.67980655200811,5249.62
Arizona,2023-12-14,219,51.158954366442224,11203.81
Arkansas,2023-08-02,104,45.56459896036006,4738.72
Maine,2023-12-06,100,44.53526809849045,4453.53
Arkansas,2023-12-27,20,55.99366778983007,1119.87
Rhode Island,2024-01-12,77,59.76009842491017,4601.53
New Mexico,2023-07-03,65,45.93630893243164,2985.86
South Carolina,2024-01-08,133,45.49345807743116,6050.63
Arizona,2023-12-17,149,48.277767196791544,7193.39
North Carolina,2024-06-07,69,46.28035023310212,3193.34
Massachusetts,2024-01-18,89,54.36336573409487,4838.34
Iowa,2023-11-01,94,57.602718045025455,5414.66
Minnesota,2024-01-05,92,44.32829036945553,4078.2
North Dakota,2023-09-17,100,49.25406581681524,4925.41
North Dakota,2024-06-24,143,59.828643387174594,8555.5
Washington,2024-06-13,287,56.003960895907255,16073.14
Connecticut,2024-02-25,53,52.74042555940972,2795.24
South Carolina,2023-11-16,82,58.212536892610274,4773.43
South Dakota,2024-02-01,210,57.92911974690357,12165.12
Oklahoma,2024-03-07,135,53.44215650249437,7214.69
Idaho,2023-10-03,128,58.11393868526534,7438.58
Colorado,2024-06-25,129,55.15813581466688,7115.4
Alaska,2023-10-21,71,42.25893954296977,3000.38
Virginia,2024-04-06,142,50.264770342491026,7137.6
Colorado,2024-02-13,132,55.31037079036409,7300.97
Indiana,2023-07-17,20,42.15890507693374,843.18
Georgia,2023-09-28,136,40.35251350912917,5487.94
Nebraska,2023-07-09,63,57.087959007159625,3596.54
Massachusetts,2024-04-16,137,44.18300917217746,6053.07
Ohio,2023-09-08,89,48.05402814293456,4276.81
New York,2023-11-09,58,54.51457809281007,3161.85
Colorado,2024-02-27,83,45.22739600978449,3753.87
Delaware,2024-04-13,111,47.62374332941333,5286.24
Virginia,2024-03-29,79,41.23015300087159,3257.18
Indiana,2023-09-12,86,41.85440898658591,3599.48
Texas,2023-10-26,70,55.68239338499119,3897.77
Ohio,2023-10-23,74,52.799787556520215,3907.18
South Dakota,2023-07-07,101,44.651465907368134,4509.8
West Virginia,2024-06-22,77,46.78517498855226,3602.46
Delaware,2023-10-29,73,44.46494632500782,3245.94
Illinois,2023-10-07,143,59.65353015718165,8530.45
Missouri,2024-01-04,129,54.732283694707036,7060.46
Mississippi,2024-04-24,85,56.79871083909893,4827.89
Colorado,2023-12-09,91,50.22241099345717,4570.24
Nebraska,2023-11-16,94,51.88325204028185,4877.03
Delaware,2024-05-12,108,52.72031865402954,5693.79
Oregon,2023-09-08,137,42.328654823833745,5799.03
Washington,2024-02-27,94,43.96964168906087,4133.15
Arizona,2023-08-15,71,41.43995001321083,2942.24
Indiana,2023-12-29,126,57.59643685856814,7257.15
Illinois,2023-10-19,148,52.77667072494823,7810.95
Georgia,2023-10-10,14,58.2280938803019,815.19
Alabama,2024-01-30,50,44.805330887720544,2240.27
Maryland,2023-12-08,50,52.18434850964742,2609.22
Missouri,2023-12-14,74,57.75305165089142,4273.73
Connecticut,2024-06-05,74,55.44808206618923,4103.16
South Dakota,2023-11-05,85,59.28002995588014,5038.8
Utah,2023-12-04,130,43.52592633231041,5658.37
Kansas,2023-09-30,102,41.67616893330625,4250.97
Louisiana,2023-11-22,14,50.68383024745468,709.57
Ohio,2023-09-19,60,48.37515937859673,2902.51
Kentucky,2024-02-27,111,54.9911538103094,6104.02
Vermont,2023-08-10,94,58.00885733716797,5452.83
Kentucky,2023-10-03,137,53.34734595019643,7308.59
Colorado,2023-08-18,140,57.28302899465125,8019.62
Kansas,2024-02-05,86,52.93899883206395,4552.75
Indiana,2024-01-16,105,45.56039466434631,4783.84
Missouri,2024-03-02,262,45.39742125875446,11894.12
Oklahoma,2023-07-15,108,43.58837247716021,4707.54
Oregon,2023-09-17,109,50.42709230829761,5496.55
Utah,2024-03-25,70,49.097445407754805,3436.82
Iowa,2024-05-05,51,41.048927619820454,2093.5
Michigan,2024-01-22,71,49.92239258589651,3544.49
Illinois,2023-10-03,131,48.53346021436768,6357.88
California,2023-12-28,17,50.77281573279928,863.14
Utah,2023-09-01,50,55.49631102882159,2774.82
Kansas,2024-02-12,98,44.34293870685807,4345.61
Wyoming,2023-12-26,107,48.84226899790423,5226.12
Tennessee,2024-04-24,52,53.00609676426884,2756.32
Texas,2023-10-27,64,51.29255917079945,3282.72
New York,2024-01-26,131,43.10268445423383,5646.45
Arizona,2023-07-12,76,54.480693014374985,4140.53
New Mexico,2023-07-27,67,43.43305336842553,2910.01
Delaware,2024-02-08,118,53.76710029658507,6344.52
Oregon,2023-07-07,72,48.075287128807176,3461.42
Missouri,2023-08-04,70,58.20534714992867,4074.37
Minnesota,2023-08-03,144,55.19244864854383,7947.71
Kentucky,2024-04-07,72,56.69418176274114,4081.98
Indiana,2023-11-25,72,50.10282267685181,3607.4
Georgia,2024-06-25,107,57.78160049776308,6182.63
Connecticut,2024-01-31,137,49.105347750707296,6727.43
Illinois,2023-12-13,133,46.22404798486483,6147.8
Texas,2024-05-09,140,57.0295386081102,7984.14
Florida,2024-02-07,142,49.16532754795548,6981.48
Nebraska,2023-08-27,141,48.06456873634709,6777.1
Delaware,2023-10-22,134,41.74709751228177,5594.11
Idaho,2024-05-04,113,40.45754630898733,4571.7
Washington,2023-09-23,118,42.019228294073194,4958.27
Colorado,2023-09-17,148,49.630201999951105,7345.27
California,2023-08-08,293,51.39499443848176,15058.73
New York,2023-12-01,141,42.98607345596579,6061.04
Minnesota,2023-09-26,150,53.92365633317917,8088.55
South Dakota,2024-01-12,140,54.7051679036928,7658.72
Nevada,2023-10-05,79,50.5533131927219,3993.71
Alabama,2023-10-06,60,58.43687772598163,3506.21
Delaware,2023-08-09,108,45.04745960334209,4865.13
Nebraska,2023-12-28,117,42.474125698880606,4969.47
Illinois,2024-05-18,83,44.665450752843824,3707.23
Vermont,2024-04-03,80,49.85789500177538,3988.63
Vermont,2024-03-31,63,52.399896358977486,3301.19
Wisconsin,2024-02-05,120,48.77486900562022,5852.98
Maine,2024-04-23,118,48.11444716082362,5677.5
New Mexico,2024-01-29,55,43.480369244378394,2391.42
California,2023-12-04,93,43.35091306928059,4031.63
Missouri,2024-04-30,66,59.01444868837318,3894.95
Arkansas,2023-12-01,102,41.27419224468607,4209.97
Arizona,2024-05-19,79,43.10713738894591,3405.46
Georgia,2023-09-23,18,48.664485772862974,875.96
Arizona,2023-12-20,101,47.12877054758583,4760.01
Massachusetts,2023-12-09,138,40.23562932188241,5552.52
Colorado,2024-04-01,103,49.24743560193563,5072.49
Illinois,2023-10-23,117,55.00324278751626,6435.38
Nebraska,2024-03-16,83,49.40242870560139,4100.4
New Mexico,2024-03-24,137,43.965191338599446,6023.23
Indiana,2023-07-15,119,49.113121956240526,5844.46
Mississippi,2024-02-28,145,45.22678181472712,6557.88
Arizona,2023-07-06,73,43.64422248427196,3186.03
Indiana,2023-09-28,86,50.32499651920522,4327.95
Pennsylvania,2023-11-26,138,48.03853889508889,6629.32
Rhode Island,2024-01-12,249,59.33571386391854,14774.59
Georgia,2024-05-24,246,55.15633809285615,13568.46
South Dakota,2024-02-05,56,58.582938935096315,3280.64
North Carolina,2024-06-26,104,48.6700712350832,5061.69
New Hampshire,2024-06-27,99,40.78915619324157,4038.13
Maryland,2023-08-16,126,57.06650479935097,7190.38
Pennsylvania,2024-01-04,88,46.94839156953562,4131.46
Nevada,2023-07-21,84,56.848270043874436,4775.25
Wyoming,2023-11-15,64,48.80726849517104,3123.67
Vermont,2023-09-01,83,52.59842258617567,4365.67
Wyoming,2024-02-20,83,57.08866696733645,4738.36
South Dakota,2024-04-27,117,41.9747400738429,4911.04
Florida,2023-08-24,74,42.074717392669854,3113.53
Nevada,2023-11-07,100,57.80563507982377,5780.56
Virginia,2024-04-22,107,48.7129299760309,5212.28
Pennsylvania,2024-02-04,92,58.41383878070987,5374.07
Mississippi,2023-07-02,106,52.48139106493118,5563.03
Mississippi,2023-07-29,51,56.732288479781715,2893.35
Louisiana,2023-12-26,65,52.09189133797249,3385.97
New Jersey,2024-05-18,91,46.22671626874259,4206.63
Indiana,2024-01-22,145,51.12660257999803,7413.36
Delaware,2024-03-20,82,46.115278637779,3781.45
Illinois,2023-08-07,80,52.298907991215856,4183.91
Tennessee,2024-03-03,119,49.07263206055356,5839.64
South Dakota,2024-01-08,120,48.442396177676564,5813.09
Montana,2024-01-27,131,46.46152667909252,6086.46
North Carolina,2023-07-21,112,51.76799347988345,5798.02
Kansas,2024-03-09,51,43.51015691410728,2219.02
Indiana,2024-02-26,147,56.13154593934911,8251.34
Kentucky,2023-11-23,53,46.19849663826127,2448.52
New Mexico,2024-01-17,139,53.38948700675748,7421.14
Maine,2023-11-23,94,51.61135660034739,4851.47
Michigan,2023-08-09,134,47.67103692041619,6387.92
Massachusetts,2024-04-14,116,45.32362695326933,5257.54
Wisconsin,2023-11-30,103,51.917605746100136,5347.51
Vermont,2024-02-05,73,53.443375426685094,3901.37
Alaska,2023-07-05,98,50.30007587871591,4929.41
New York,2023-07-03,129,44.35320920367653,5721.56
New Mexico,2024-04-08,98,49.40944918646404,4842.13
Oregon,2023-11-19,81,53.016425631595546,4294.33
West Virginia,2024-05-12,68,44.962764632420225,3057.47
Mississippi,2023-07-25,60,55.16821561772379,3310.09
Maine,2024-06-29,149,48.03010349963271,7156.49
New York,2024-05-24,65,49.89615879546708,3243.25
Missouri,2024-03-24,66,53.95359248123866,3560.94
Idaho,2024-04-09,101,48.178449845349704,4866.02
Delaware,2023-10-17,284,52.255334824115366,14840.52
Oregon,2024-03-21,120,50.830044375921915,6099.61
Missouri,2023-08-08,106,59.86989296266063,6346.21
North Carolina,2024-03-03,50,43.8857008157905,2194.29
Delaware,2024-03-05,148,50.46141390056086,7468.29
North Dakota,2024-03-21,85,55.57776001245587,4724.11
Minnesota,2023-11-18,75,44.79329849004556,3359.5
Utah,2023-10-25,216,47.211851658567305,10197.76
Iowa,2024-01-16,100,49.874622116102074,4987.46
Massachusetts,2024-01-16,57,42.98472752597608,2450.13
Rhode Island,2023-11-08,118,51.45703705769301,6071.93
West Virginia,2024-06-19,126,50.747457596001595,6394.18
Indiana,2024-03-01,116,51.47259987473571,5970.82
Connecticut,2023-09-29,70,48.09582532568007,3366.71
Texas,2023-09-12,86,51.44669221191596,4424.42
Utah,2024-01-06,75,52.49114331513696,3936.84
Maine,2023-10-31,110,40.34404067239439,4437.84
New Jersey,2024-03-12,132,50.21571363640255,6628.47
Illinois,2024-02-03,139,57.55813739977205,8000.58
Wisconsin,2023-11-08,280,53.51879110408259,14985.26
Louisiana,2024-04-03,70,52.202138102055414,3654.15
Rhode Island,2024-03-04,76,50.03389579088407,3802.58
Hawaii,2024-06-25,87,40.26149156265555,3502.75
Vermont,2024-02-28,144,56.82915215389781,8183.4
Minnesota,2024-01-16,98,57.56413430042626,5641.29
Virginia,2024-05-11,52,45.06376906607383,2343.32
Illinois,2024-06-23,128,55.16763425712079,7061.46
Florida,2023-11-21,112,40.787494659889084,4568.2
Illinois,2024-05-22,75,49.80187731185747,3735.14
Maryland,2023-12-31,72,53.33506023080703,3840.12
Utah,2024-06-25,63,53.78523349872756,3388.47
Maryland,2023-07-09,95,59.159641442623375,5620.17
New Hampshire,2024-06-06,107,52.07507334238041,5572.03
Wisconsin,2024-02-14,103,44.01560020062567,4533.61
Nevada,2024-02-17,144,57.9093966182939,8338.95
Iowa,2023-10-12,94,53.5897825427999,5037.44
Massachusetts,2023-09-16,150,57.97211273225157,8695.82
Missouri,2024-02-27,56,51.40465269199791,2878.66
South Carolina,2023-12-22,18,42.34332417618602,762.18
Michigan,2024-06-10,130,53.86038362704255,7001.85
Hawaii,2024-05-16,125,51.16765139005792,6395.96
Nevada,2023-07-08,141,46.78769705466479,6597.07
West Virginia,2023-09-11,82,51.08921241889639,4189.32
Nevada,2023-12-01,64,40.973780782875,2622.32
California,2023-10-25,78,49.965492423007554,3897.31
Washington,2024-01-03,134,53.3501740992494,7148.92
Rhode Island,2023-10-06,102,55.67593930430387,5678.95
Pennsylvania,2024-01-01,122,40.288367060553945,4915.18
West Virginia,2023-10-31,118,45.38078139068185,5354.93
Wyoming,2023-12-26,72,43.56318376018711,3136.55
Oklahoma,2024-05-01,96,44.34313901270985,4256.94
Kansas,2023-09-21,138,50.36238257095514,6950.01
Idaho,2024-04-19,16,58.754873707660174,940.08
Alabama,2024-03-23,149,43.86193581270204,6535.43
California,2023-09-25,139,41.928424813609155,5828.05
Maine,2024-04-01,131,40.11839660114303,5255.51
Rhode Island,2024-06-23,66,52.441210085657666,3461.12
New York,2023-11-28,134,46.32393039884419,6207.41
New Mexico,2024-02-27,101,58.76156141514423,5934.92
West Virginia,2024-04-17,116,42.07930647786635,4881.2
Oklahoma,2023-10-05,69,44.46656412668108,3068.19
Ohio,2024-03-22,91,43.443043891620114,3953.32
Nevada,2023-07-10,19,53.798561273014165,1022.17
Massachusetts,2024-06-07,70,48.566293804411366,3399.64
Wisconsin,2023-11-16,98,59.71705096411961,5852.27
Minnesota,2023-10-12,148,40.624895577054346,6012.48
Wisconsin,2024-02-25,74,50.25074222456894,3718.55
Tennessee,2023-12-15,129,55.10376207813189,7108.39
South Dakota,2023-07-18,133,48.966375797846666,6512.53
Rhode Island,2024-02-21,133,55.0061168581042,7315.81
Ohio,2024-02-16,20,54.811399286979395,1096.23
South Dakota,2023-11-25,54,58.98433031018266,3185.15
Alabama,2023-08-28,85,42.33516897940402,3598.49
Maine,2024-01-19,10,43.16812991833957,431.68
North Dakota,2024-05-18,149,56.86959488373757,8473.57
Iowa,2023-07-08,257,40.37447602367447,10376.24
Pennsylvania,2023-11-14,105,56.02809423855826,5882.95
Oklahoma,2024-02-14,126,56.12503027896578,7071.75
Wyoming,2024-01-04,138,57.70888758836634,7963.83
Montana,2023-08-24,10,46.98890027174576,469.89
New Hampshire,2023-10-20,297,58.3886389799753,17341.43
Wyoming,2024-01-14,56,46.270023134423276,2591.12
Arizona,2023-07-12,131,42.48075049333927,5564.98
Wisconsin,2024-01-25,106,41.52868166502721,4402.04
Arizona,2023-10-01,91,40.13890610461223,3652.64
Wyoming,2024-06-09,122,49.31925182776084,6016.95
Idaho,2024-04-25,139,41.65774203975255,5790.43
Utah,2023-07-26,60,51.120480537481676,3067.23
West Virginia,2024-02-15,97,41.832183358286926,4057.72
Nebraska,2024-05-27,78,57.42188142520999,4478.91
New York,2024-02-06,103,54.408202001739845,5604.04
Alaska,2023-11-26,62,45.984462169123915,2851.04
Indiana,2023-09-28,61,51.60551942722436,3147.94
Montana,2024-03-17,111,55.41918873080458,6151.53
Minnesota,2024-02-06,140,47.55650765486949,6657.91
Hawaii,2023-11-16,142,54.54355835861688,7745.19
Louisiana,2023-12-23,121,59.66671358420115,7219.67
Massachusetts,2023-07-02,98,52.33875127207974,5129.2
Virginia,2024-02-05,81,42.41706564997606,3435.78
Arkansas,2023-12-16,148,51.42431165871112,7610.8
Iowa,2024-04-21,97,49.991345251069816,4849.16
Kentucky,2023-10-31,76,45.383671156143876,3449.16
New Jersey,2023-07-25,146,49.80800588765723,7271.97
Arkansas,2024-02-07,63,55.81952790609501,3516.63
Mississippi,2023-11-06,60,52.809377615465,3168.56
New Hampshire,2024-06-07,52,48.822286001394836,2538.76
North Carolina,2024-03-14,97,54.333935783586966,5270.39
Texas,2023-09-02,63,56.11621041039774,3535.32
Kentucky,2023-09-09,128,59.59292520418576,7627.89
Virginia,2023-09-10,54,52.101223589422574,2813.47
New Hampshire,2024-01-11,87,44.0499126775543,3832.34
Virginia,2024-01-01,145,55.72350496436481,8079.91
Tennessee,2024-02-18,140,45.08664629580483,6312.13
New Hampshire,2023-10-13,68,53.93352216171576,3667.48
Missouri,2024-04-03,77,58.05924226362964,4470.56
Hawaii,2023-07-10,66,54.868860406020794,3621.34
Nebraska,2023-11-26,147,57.23293672459149,8413.24
Massachusetts,2023-10-18,72,44.150503872273234,3178.84
Ohio,2024-05-06,89,52.74774751119037,4694.55
New Hampshire,2023-10-31,84,59.62085731877916,5008.15
New Jersey,2023-10-16,72,47.25586230230681,3402.42
Indiana,2024-02-23,137,45.156283481391846,6186.41
Washington,2023-08-19,81,58.96871904959855,4776.47
New Mexico,2023-11-18,119,44.467553273906546,5291.64
Connecticut,2024-02-27,146,43.827643965359954,6398.84
Washington,2024-05-21,117,47.37615955787579,5543.01
Maine,2023-09-19,124,44.99523635211515,5579.41
Connecticut,2024-05-25,109,42.34441111256381,4615.54
New Jersey,2024-02-16,85,58.58910383333891,4980.07
Montana,2024-02-29,62,55.087776626274135,3415.44
Texas,2023-12-08,19,58.07226319527618,1103.37
Virginia,2023-08-15,52,49.85294787901047,2592.35
Montana,2023-08-30,109,47.729082030098844,5202.47
Alabama,2024-03-03,99,59.717655513723734,5912.05
Minnesota,2023-10-30,86,53.49114882279069,4600.24
Louisiana,2024-03-10,150,52.08459484814558,7812.69
Minnesota,2024-01-09,98,50.40397777784772,4939.59
New York,2024-02-12,117,51.61036207199403,6038.41
Oklahoma,2024-02-20,119,57.235500114762644,6811.02
Colorado,2023-09-15,149,56.14550662556463,8365.68
New Hampshire,2024-05-21,99,59.08488083288738,5849.4
South Carolina,2023-10-17,88,44.055102746791476,3876.85
Utah,2023-08-05,215,53.6234965712325,11529.05
Illinois,2024-05-09,135,50.62252237634013,6834.04
Georgia,2024-06-16,272,47.70616676570117,12976.08
New Mexico,2024-03-10,109,59.60240564380411,6496.66
Illinois,2024-02-15,150,52.783952959474576,7917.59
Utah,2024-02-07,61,45.61615019141289,2782.59
Arkansas,2024-02-18,140,47.951554723862046,6713.22
New Jersey,2023-11-19,76,49.15657991213013,3735.9
North Carolina,2024-04-21,11,48.72896087024705,536.02
Kentucky,2023-09-15,71,50.347967721986045,3574.71
Utah,2024-05-01,146,58.126070593374465,8486.41
New Jersey,2024-01-24,149,54.501400360959735,8120.71
Kentucky,2024-01-13,87,50.01854871089698,4351.61
Maryland,2024-06-22,150,56.53138310779739,8479.71
Wisconsin,2023-10-31,51,43.464757172998375,2216.7
Maryland,2024-03-28,55,46.689630471057924,2567.93
Maryland,2024-01-14,76,45.13236847330701,3430.06
Washington,2023-10-07,53,49.10154627439218,2602.38
New Mexico,2024-01-01,118,54.87943988301254,6475.77
Alaska,2024-03-17,127,57.061976977451394,7246.87
Hawaii,2024-01-28,129,54.64709458304105,7049.48
West Virginia,2024-03-13,117,42.356897354022664,4955.76
Idaho,2024-05-05,146,40.06864889231057,5850.02
Louisiana,2024-05-26,248,54.83595555547775,13599.32
Utah,2024-01-29,68,57.90283743801081,3937.39
Maryland,2023-08-07,116,54.052027165805924,6270.04
Alabama,2024-02-25,131,57.744395418829,7564.52
Virginia,2024-03-30,51,52.14727624194629,2659.51
Georgia,2024-03-24,19,46.23859216100645,878.53
Wyoming,2024-01-12,61,40.085981911825264,2445.24
South Carolina,2024-06-10,134,48.22582981600985,6462.26
North Dakota,2023-11-20,55,51.05320217118226,2807.93
Arizona,2023-11-23,136,43.33050558489298,5892.95
Virginia,2024-03-10,68,41.230687737286935,2803.69
New Hampshire,2023-12-08,143,57.57985892664614,8233.92
South Carolina,2024-01-01,125,42.45932208131945,5307.42
Ohio,2024-01-22,81,58.73363973143506,4757.42
West Virginia,2024-07-01,287,48.72283222882429,13983.45
Pennsylvania,2023-07-31,63,41.804818888692154,2633.7
Tennessee,2023-07-07,120,57.993598027941616,6959.23
Colorado,2024-01-22,140,50.46889649712967,7065.65
Illinois,2024-06-07,96,41.65788601569044,3999.16
Louisiana,2024-06-29,11,44.018363141239334,484.2
Nevada,2024-03-28,109,44.78280430187274,4881.33
Ohio,2024-05-14,300,58.635860702080535,17590.76
Tennessee,2023-12-22,131,41.98889046681193,5500.54
Illinois,2024-05-13,115,51.0044405875842,5865.51
Wisconsin,2023-07-31,111,46.29509147549464,5138.76
Utah,2024-01-30,124,43.21722664498062,5358.94
Nevada,2024-02-28,146,43.317437803732275,6324.35
Delaware,2023-10-21,86,40.84113806668388,3512.34
Delaware,2023-11-02,70,43.928872213144295,3075.02
Wyoming,2023-10-18,132,42.36395454400642,5592.04
Ohio,2024-06-19,52,55.54430883250206,2888.3
Mississippi,2023-09-01,58,51.41215319319855,2981.9
Texas,2024-06-22,127,58.70704666805594,7455.79
Wisconsin,2023-10-11,77,57.83002487600167,4452.91
Montana,2024-01-02,141,46.49725723499636,6556.11
Oregon,2023-10-21,112,48.60399628264652,5443.65
Tennessee,2023-08-26,143,59.532132354126546,8513.09
North Dakota,2024-04-30,89,56.34169785193825,5014.41
Hawaii,2023-11-04,74,56.40586353283599,4174.03
Illinois,2023-10-23,100,47.00351964239337,4700.35
Indiana,2024-04-23,101,56.238296377889824,5680.07
Tennessee,2024-06-23,71,51.27496586908073,3640.52
Illinois,2024-06-16,128,55.85801815708669,7149.83
Georgia,2023-12-19,82,46.953223374135405,3850.16
Pennsylvania,2023-07-26,144,58.88191357418551,8479.0
Colorado,2024-04-29,138,51.41105924344492,7094.73
Virginia,2024-06-06,148,40.61022035898754,6010.31
Florida,2024-02-20,67,46.308109311927005,3102.64
South Carolina,2024-01-30,11,56.39557546235989,620.35
Alabama,2024-04-09,99,58.23219958561839,5764.99
New Jersey,2023-10-30,148,46.66995811815498,6907.15
Maine,2024-06-17,96,47.90553615519973,4598.93
Kentucky,2023-11-29,53,41.58634431945135,2204.08
Iowa,2024-02-18,61,56.36284140976439,3438.13
Florida,2023-08-05,111,57.31833339525181,6362.34
Alabama,2023-12-06,67,48.77971710268527,3268.24
West Virginia,2024-01-18,55,51.653335457829485,2840.93
Indiana,2023-12-25,74,44.64203685558738,3303.51
Oregon,2024-01-27,71,58.13588614767115,4127.65
New Hampshire,2023-10-31,148,57.358840880411336,8489.11
South Carolina,2024-05-04,52,47.24690034727102,2456.84
Mississippi,2023-12-14,86,41.64641973121397,3581.59
Delaware,2023-07-10,78,46.30207534738574,3611.56
Florida,2023-09-21,108,45.93323880503908,4960.79
Mississippi,2024-06-05,52,50.942876584242434,2649.03
Minnesota,2024-01-21,86,58.70331750844055,5048.49
Arizona,2024-06-23,201,40.68060427602341,8176.8
Delaware,2024-04-03,52,46.28983723740173,2407.07
New Mexico,2024-04-21,91,56.48512343684868,5140.15
Georgia,2023-10-19,142,52.5906076268633,7467.87
Wyoming,2023-07-07,102,49.311408083748944,5029.76
Illinois,2023-07-13,94,55.542304659975734,5220.98
Maine,2024-05-25,84,42.497676935849334,3569.8
South Dakota,2024-03-12,110,59.54820561301236,6550.3
Pennsylvania,2024-04-05,138,46.063445800694176,6356.76
North Carolina,2024-02-05,73,55.67098948307965,4063.98
North Dakota,2023-09-11,61,44.67584530739493,2725.23
Connecticut,2024-04-15,71,42.18972171150634,2995.47
Pennsylvania,2024-06-27,76,44.843495919365594,3408.11
Iowa,2024-02-16,52,59.987118750017544,3119.33
Kentucky,2024-07-01,111,42.00132872955963,4662.15
New Mexico,2024-05-30,76,41.87839964402647,3182.76
Nebraska,2023-09-25,219,50.506110925943496,11060.84
Texas,2024-05-15,18,46.482726165980075,836.69
New Jersey,2023-12-19,121,59.54389986446492,7204.81
Missouri,2023-10-05,74,56.174893242905284,4156.94
Ohio,2024-07-01,61,55.077655867633354,3359.74
West Virginia,2024-06-09,294,55.91452277203807,16438.87
Idaho,2024-05-02,67,40.799388194346676,2733.56
Rhode Island,2024-01-15,105,51.50543837520281,5408.07
Utah,2023-08-23,63,56.42380902831319,3554.7
West Virginia,2023-09-14,123,56.4333355575373,6941.3
South Dakota,2023-10-29,105,45.40727249615278,4767.76
Alaska,2023-11-11,75,41.49233652552261,3111.93
Oklahoma,2024-05-31,129,57.98067369746511,7479.51
Vermont,2023-08-03,86,48.03052895505146,4130.63
Rhode Island,2024-01-02,143,49.53349553773445,7083.29
Nevada,2024-03-12,126,48.35362920019878,6092.56
North Carolina,2023-10-09,57,40.71056939606816,2320.5
Georgia,2024-04-15,55,48.00085792563581,2640.05
Iowa,2024-05-28,111,48.88582405534731,5426.33
West Virginia,2023-10-05,104,41.606898897210456,4327.12
Kentucky,2023-08-22,134,54.30229352788716,7276.51
Arkansas,2023-08-12,118,47.12098180641223,5560.28
Connecticut,2023-09-04,74,58.59603255703695,4336.11
Arizona,2023-10-20,56,52.3342820753446,2930.72
Kentucky,2024-04-14,118,49.04072675010277,5786.81
Wisconsin,2023-07-05,69,41.72533728458039,2879.05
Wyoming,2024-06-18,88,52.46516297733034,4616.93
Arizona,2024-05-15,128,45.52282173706254,5826.92
Alabama,2024-02-15,99,57.51406605027676,5693.89
Arkansas,2024-06-24,94,46.5628774598272,4376.91
West Virginia,2023-11-14,86,57.48375064395746,4943.6
Indiana,2024-05-29,144,57.96835362899555,8347.44
North Dakota,2024-05-13,144,57.42299809717608,8268.91
Iowa,2024-03-05,140,49.53215592840347,6934.5
Washington,2023-09-19,67,53.152721807656505,3561.23
Montana,2023-08-31,126,52.2904632014931,6588.6
Maine,2024-04-28,111,45.06061358089,5001.73
South Dakota,2024-03-08,113,57.461182762052985,6493.11
Pennsylvania,2024-06-27,61,51.25214553244437,3126.38
Montana,2023-11-26,64,42.342833725303514,2709.94
New Jersey,2024-04-19,113,53.82812355901978,6082.58
Iowa,2023-12-30,10,45.57718517023352,455.77
Texas,2023-11-19,16,48.754593801554634,780.07
Hawaii,2023-12-09,110,44.20203497007492,4862.22
Massachusetts,2024-03-28,59,42.070116631617005,2482.14
Maine,2023-08-26,77,55.590060916302285,4280.43
Oregon,2023-08-18,86,40.821999664067626,3510.69
California,2023-07-17,139,51.88785311567211,7212.41
Nebraska,2024-02-28,75,59.85543643555849,4489.16
Tennessee,2023-07-14,79,48.822874451258116,3857.01
Rhode Island,2023-10-06,131,55.42107606070909,7260.16
North Dakota,2024-06-14,90,55.29106940945897,4976.2
New Jersey,2023-09-19,145,42.8794259438512,6217.52
Kentucky,2024-01-16,76,43.67596059477792,3319.37
North Carolina,2023-12-22,79,45.836093072596235,3621.05
South Dakota,2024-02-23,132,40.63699261018282,5364.08
New Hampshire,2023-10-20,63,44.945971060530184,2831.6
Vermont,2024-01-23,58,50.79784663913425,2946.28
Kentucky,2023-11-22,98,49.4795421938624,4849.0
Connecticut,2024-02-01,67,57.60790564002623,3859.73
South Dakota,2024-02-15,98,48.15824293726089,4719.51
Oklahoma,2023-11-25,141,49.51041208858136,6980.97
Michigan,2024-02-01,56,45.103094081794765,2525.77
Arizona,2024-06-15,127,57.86420566247128,7348.75
Rhode Island,2023-11-19,56,51.44764931259425,2881.07
Alaska,2023-10-29,94,40.31012249723587,3789.15
Indiana,2023-11-22,59,54.002177559901845,3186.13
South Dakota,2024-03-05,109,54.76081105285355,5968.93
Massachusetts,2024-01-08,56,54.58918134769064,3056.99
Missouri,2024-03-24,81,42.453360906205496,3438.72
Rhode Island,2023-08-09,119,57.885756569849555,6888.41
Illinois,2023-07-13,98,47.5575953584229,4660.64
North Carolina,2024-05-25,100,51.169655384456185,5116.97
Kansas,2024-01-12,123,58.29635351627215,7170.45
Nevada,2023-09-09,99,44.285540793516574,4384.27
California,2024-02-24,133,53.903646669186195,7169.19
Washington,2023-08-04,123,51.26053897738602,6305.05
Kentucky,2023-10-18,115,49.02224514903364,5637.56
Nebraska,2024-05-15,63,42.808163509939305,2696.91
Massachusetts,2023-10-29,124,47.039595019717304,5832.91
Delaware,2024-02-05,142,44.945151360390994,6382.21
Nevada,2023-09-27,118,53.437755784377686,6305.66
Oklahoma,2024-04-15,129,53.53728993284933,6906.31
Georgia,2024-02-24,72,49.48871021538978,3563.19
Idaho,2023-12-29,294,52.95398673428923,15568.47
South Dakota,2024-06-22,139,58.32057053082434,8106.56
Massachusetts,2024-01-02,120,43.482380891628885,5217.89
Pennsylvania,2024-03-13,55,41.965391788196975,2308.1
Pennsylvania,2024-02-22,94,48.15760191277458,4526.81
Tennessee,2023-07-10,93,58.154438549901684,5408.36
North Carolina,2024-01-11,92,52.04606364024039,4788.24
Idaho,2023-08-20,82,51.7880045486443,4246.62
California,2024-01-11,57,44.34316273939034,2527.56
Arizona,2024-03-30,119,45.92290106438809,5464.83
Florida,2024-06-04,277,48.517965781236754,13439.48
Kentucky,2024-02-08,145,46.033284115633506,6674.83
North Carolina,2023-07-25,127,46.47291979294504,5902.06
South Dakota,2024-01-03,120,56.89429154342235,6827.31
North Carolina,2024-01-07,139,41.399383874195635,5754.51
Washington,2024-05-08,63,40.14041367801324,2528.85
Tennessee,2023-07-21,118,50.086672054577704,5910.23
Oklahoma,2024-02-20,149,49.4203834425844,7363.64
Virginia,2023-11-22,90,51.013499096817405,4591.21
Georgia,2023-11-23,114,49.2799404415478,5617.91
Colorado,2024-02-10,18,46.00111837251803,828.02
New Jersey,2024-04-12,86,58.693771390033376,5047.66
Alabama,2024-04-26,94,50.009748083495595,4700.92
Utah,2023-11-06,140,56.20363121831308,7868.51
Oregon,2023-08-22,141,46.935870834703636,6617.96
Massachusetts,2024-06-08,59,45.15465979150778,2664.12
Idaho,2023-11-16,15,54.83242949379312,822.49
South Dakota,2024-01-10,104,53.8038012351087,5595.6
Maine,2023-08-02,82,58.484579917106075,4795.74
New York,2023-09-17,150,49.14053366741861,7371.08
Nevada,2023-08-01,102,52.45276741905792,5350.18
Oklahoma,2023-12-14,88,40.2417943680143,3541.28
Colorado,2023-07-18,108,41.47220897816845,4479.0
Colorado,2023-12-22,53,55.181919556550994,2924.64
Mississippi,2023-11-30,67,52.66389936773412,3528.48
Virginia,2024-04-07,73,59.03570490494557,4309.61
Kansas,2023-11-30,110,57.92368165005736,6371.6
Massachusetts,2024-06-02,85,59.576063714333785,5063.97
Montana,2023-12-09,98,58.23408124973926,5706.94
Connecticut,2023-09-22,110,49.37889139770594,5431.68
Florida,2024-03-20,89,55.14359935287994,4907.78
West Virginia,2023-10-04,50,47.54900538900391,2377.45
Georgia,2023-11-07,99,47.4229075334013,4694.87
Ohio,2024-05-07,137,55.916396122600126,7660.55
Arkansas,2023-10-09,116,57.133639595350424,6627.5
Wyoming,2023-08-18,65,46.36585091808186,3013.78
Indiana,2024-01-10,148,42.35247161523683,6268.17
Indiana,2024-06-25,123,55.29018755065198,6800.69
Kentucky,2023-09-15,10,40.83211121135956,408.32
Illinois,2024-02-02,62,54.44879107985512,3375.83
New Mexico,2023-10-21,126,54.31067003956409,6843.14
New Mexico,2024-01-23,88,57.0025196626211,5016.22
Louisiana,2024-03-29,81,51.841851653971474,4199.19
Missouri,2024-04-11,88,54.5535341908349,4800.71
North Carolina,2024-01-02,111,49.57507679055114,5502.83
Georgia,2024-06-21,132,40.73302553178781,5376.76
Illinois,2023-07-25,109,46.25040250670069,5041.29
New Jersey,2023-07-06,80,48.44935102234483,3875.95
Idaho,2023-08-21,128,46.774363559475944,5987.12
Oregon,2023-12-02,114,52.09452937238488,5938.78
North Dakota,2023-10-04,86,53.04918730183195,4562.23
New York,2023-08-19,108,50.63472181798713,5468.55
North Carolina,2023-11-22,116,56.2622115837714,6526.42
Utah,2023-08-25,12,44.38394409051914,532.61
Indiana,2023-07-26,119,50.957174155570144,6063.9
New York,2024-01-21,116,43.1861624882092,5009.59
Utah,2024-05-26,80,51.93879787449045,4155.1
Texas,2024-01-01,111,42.57981778735864,4726.36
Idaho,2023-11-28,86,45.826867269033976,3941.11
Louisiana,2024-05-09,96,53.355257941241945,5122.1
Missouri,2023-07-21,145,49.68254020427173,7203.97
Rhode Island,2024-06-13,62,42.15543156621461,2613.64
Nevada,2024-04-15,123,46.46824724476687,5715.59
West Virginia,2024-01-07,72,54.041111827043665,3890.96
Oklahoma,2023-12-09,10,43.39241331933712,433.92
Pennsylvania,2024-02-12,142,41.33520041895569,5869.6
Ohio,2024-04-30,14,48.85787217160729,684.01
Tennessee,2023-12-12,147,47.1642688465349,6933.15
Massachusetts,2023-09-11,125,41.41984470529843,5177.48
Arkansas,2023-09-06,141,52.50498961451803,7403.2
Illinois,2024-06-26,136,53.59743494836405,7289.25
Nebraska,2023-12-15,122,42.61099752487199,5198.54
Delaware,2023-08-26,87,43.328135559344446,3769.55
Wyoming,2024-04-16,74,53.54536945474229,3962.36
California,2023-10-26,59,54.47629681786549,3214.1
New Mexico,2024-03-26,76,47.05971986639805,3576.54
Rhode Island,2023-07-30,77,40.65040080406491,3130.08
Colorado,2024-03-17,72,54.556864054521306,3928.09
Maryland,2023-09-01,87,54.75299970519723,4763.51
Hawaii,2023-07-23,138,41.22067130458867,5688.45
West Virginia,2023-09-11,129,45.299482694040336,5843.63
Washington,2023-08-26,148,52.41282969127296,7757.1
New Hampshire,2024-04-25,109,50.585752626016614,5513.85
Hawaii,2023-10-21,89,46.29753305675238,4120.48
Wisconsin,2024-03-23,58,55.01383819299907,3190.8
Hawaii,2023-10-10,95,56.16130899294675,5335.32
Michigan,2024-04-10,229,58.179106197629224,13323.02
New York,2023-08-13,92,51.85594343220593,4770.75
New Mexico,2023-12-19,118,46.23345547573699,5455.55
Pennsylvania,2024-06-10,135,49.00243397675597,6615.33
North Dakota,2024-03-29,65,56.679733263863895,3684.18
Michigan,2024-05-30,80,58.252163089173855,4660.17
New Hampshire,2023-10-16,93,43.38717520932603,4035.01
Minnesota,2024-02-05,144,50.14843792579116,7221.38
Colorado,2023-10-23,65,46.33371626459318,3011.69
Georgia,2023-09-20,90,48.437642939362476,4359.39
California,2023-07-21,125,46.710325280383806,5838.79
Tennessee,2023-10-24,126,57.47323968569004,7241.63
Utah,2024-05-21,19,51.776139237796194,983.75
Arizona,2023-11-07,57,40.67913977368463,2318.71
Indiana,2023-09-28,144,52.48101935840172,7557.27
Minnesota,2024-06-20,145,42.19224474136815,6117.88
Colorado,2023-07-05,119,49.98831961518558,5948.61
